{"IcoMoonType":"selection","icons":[{"icon":{"paths":["M104.29 98.564l463.719 360.826c32.591 25.607 73.096 39.574 114.533 39.574s81.942-13.967 114.999-39.574l463.254-360.826M170.403 66.438c-47.024 0-85.201 39.109-85.201 86.598v691.854c0 47.489 38.178 86.133 85.201 86.133h1024.279c47.024 0 85.667-38.643 85.667-86.133v-691.854c0-47.489-38.643-86.598-85.667-86.598h-1024.279z"],"attrs":[{"fill":"none","strokeLinejoin":"round","strokeLinecap":"round","strokeMiterlimit":"4","strokeWidth":69.81818181818181}],"width":1365,"isMulticolor":false,"isMulticolor2":false,"grid":0,"tags":["email-icon"]},"attrs":[{"fill":"none","strokeLinejoin":"round","strokeLinecap":"round","strokeMiterlimit":"4","strokeWidth":69.81818181818181}],"properties":{"order":2,"id":1,"name":"email-icon","prevSize":32,"code":59648},"setIdx":0,"setId":2,"iconIdx":0},{"icon":{"paths":["M512 930.909c-231.796 0-418.909-187.578-418.909-418.909 0-231.796 187.113-418.909 418.909-418.909 231.331 0 418.909 187.113 418.909 418.909 0 231.331-187.578 418.909-418.909 418.909z","M376.553 372.364c22.342-64.233 87.971-102.865 154.996-91.695 67.025 11.636 116.364 69.818 116.364 138.24 0 93.091-139.636 139.636-139.636 139.636","M512 768c-13.033 0-23.273-10.705-23.273-23.273 0-13.033 10.24-23.273 23.273-23.273 12.567 0 23.273 10.24 23.273 23.273 0 12.567-10.705 23.273-23.273 23.273z"],"attrs":[{"fill":"none","strokeLinejoin":"round","strokeLinecap":"butt","strokeMiterlimit":"4","strokeWidth":69.81818181818181},{"fill":"none","strokeLinejoin":"round","strokeLinecap":"round","strokeMiterlimit":"4","strokeWidth":69.81818181818181},{"fill":"none","strokeLinejoin":"miter","strokeLinecap":"butt","strokeMiterlimit":"4","strokeWidth":46.54545454545455}],"isMulticolor":false,"isMulticolor2":false,"grid":0,"tags":["help-icon"]},"attrs":[{"fill":"none","strokeLinejoin":"round","strokeLinecap":"butt","strokeMiterlimit":"4","strokeWidth":69.81818181818181},{"fill":"none","strokeLinejoin":"round","strokeLinecap":"round","strokeMiterlimit":"4","strokeWidth":69.81818181818181},{"fill":"none","strokeLinejoin":"miter","strokeLinecap":"butt","strokeMiterlimit":"4","strokeWidth":46.54545454545455}],"properties":{"order":3,"id":0,"name":"help-icon","prevSize":32,"code":59649},"setIdx":0,"setId":2,"iconIdx":1}],"height":1024,"metadata":{"name":"icomoon"},"preferences":{"showGlyphs":true,"showQuickUse":true,"showQuickUse2":true,"showSVGs":true,"fontPref":{"prefix":"icon-","metadata":{"fontFamily":"icomoon"},"metrics":{"emSize":1024,"baseline":6.25,"whitespace":50},"embed":false},"imagePref":{"prefix":"icon-","png":true,"useClassSelector":true,"color":0,"bgColor":16777215,"classSelector":".icon"},"historySize":50,"showCodes":true,"gridSize":16}}